measure_id,measure_name,location_id,location_name,sex_id,sex_name,age_id,age_name,cause_id,cause_name,metric_id,metric_name,year,val,upper,lower
1,Deaths,1,Global,3,Both,22,All Ages,391,Other nutritional deficiencies,1,Number,1990,100838.82734420316,151025.15306504277,54507.2523496443
1,Deaths,1,Global,3,Both,22,All Ages,393,Sexually transmitted infections excluding HIV,1,Number,1990,106524.80027730367,216439.31423389746,40670.70236110289
1,Deaths,1,Global,3,Both,22,All Ages,400,Acute hepatitis,1,Number,1990,166404.78286371336,189945.1862137427,136144.26026716578
1,Deaths,1,Global,3,Both,22,All Ages,408,Other unspecified infectious diseases,1,Number,1990,64857.97218552062,76942.73105572317,41755.009589964095
1,Deaths,1,Global,3,Both,22,All Ages,411,Esophageal cancer,1,Number,1990,319331.6212724109,350801.5772050766,248666.04125898788
1,Deaths,1,Global,3,Both,22,All Ages,414,Stomach cancer,1,Number,1990,788316.9582994808,833998.7581176799,742786.8571220138
1,Deaths,1,Global,3,Both,22,All Ages,417,Liver cancer,1,Number,1990,365214.9501835476,405773.5072371742,329967.11615848675
1,Deaths,1,Global,3,Both,22,All Ages,535,Pancreatitis,1,Number,1990,69817.64174707404,82529.26004932246,62046.67218861946
1,Deaths,1,Global,3,Both,22,All Ages,541,Other digestive diseases,1,Number,1990,62488.368331466176,77364.11522500581,49726.004364890105
1,Deaths,1,Global,3,Both,22,All Ages,543,Alzheimer's disease and other dementias,1,Number,1990,560934.7543666514,1546915.4969211414,135270.38305783656
1,Deaths,1,Global,3,Both,22,All Ages,544,Parkinson's disease,1,Number,1990,147237.55391029103,158062.95909531586,137334.5500460169
1,Deaths,1,Global,3,Both,22,All Ages,545,Idiopathic epilepsy,1,Number,1990,100054.05491243412,112226.36371336212,81176.20535708597
1,Deaths,1,Global,3,Both,22,All Ages,546,Multiple sclerosis,1,Number,1990,13356.002424834203,17571.080743268634,11903.51711635053
1,Deaths,1,Global,3,Both,22,All Ages,554,Motor neuron disease,1,Number,1990,17653.171959220625,18269.681149179192,17010.691040601858
1,Deaths,1,Global,3,Both,22,All Ages,557,Other neurological disorders,1,Number,1990,34103.34625020972,36597.223537499885,31527.81563878896
1,Deaths,1,Global,3,Both,22,All Ages,560,Alcohol use disorders,1,Number,1990,116434.62888113533,121334.96024742832,107409.4686564656
1,Deaths,1,Global,3,Both,22,All Ages,561,Drug use disorders,1,Number,1990,56144.36071363178,60112.87536409126,52283.693164450495
1,Deaths,1,Global,3,Both,22,All Ages,572,Eating disorders,1,Number,1990,178.10203043999934,212.82965434182557,159.96899560661683
1,Deaths,1,Global,3,Both,22,All Ages,587,Diabetes mellitus,1,Number,1990,661824.3524452564,695169.9477575399,628053.6965218132
1,Deaths,1,Global,3,Both,22,All Ages,588,Acute glomerulonephritis,1,Number,1990,15735.089019017145,18501.311522531847,13463.619512415655
1,Deaths,1,Global,3,Both,22,All Ages,589,Chronic kidney disease,1,Number,1990,601306.938986703,633789.7331669214,567602.3707983451
1,Deaths,1,Global,3,Both,22,All Ages,718,Self-harm,1,Number,1990,739087.4859753735,789580.633701799,660460.8770065631
1,Deaths,1,Global,3,Both,22,All Ages,724,Interpersonal violence,1,Number,1990,373123.8936457057,386562.8882454202,356132.7194283621
1,Deaths,1,Global,3,Both,22,All Ages,729,Exposure to forces of nature,1,Number,1990,50247.99538147637,55287.1333842012,45624.85111371213
1,Deaths,1,Global,3,Both,22,All Ages,842,Environmental heat and cold exposure,1,Number,1990,55079.439404038356,61481.39476792094,38830.40668973826
1,Deaths,1,Global,3,Both,22,All Ages,843,Ebola,1,Number,1990,0.0,0.0,0.0
1,Deaths,1,Global,3,Both,22,All Ages,854,Executions and police conflict,1,Number,1990,5766.733290737794,6738.927049896485,2643.185610033944
1,Deaths,1,Global,3,Both,22,All Ages,935,Zika virus,1,Number,1990,0.0,0.0,0.0
1,Deaths,1,Global,3,Both,22,All Ages,423,Larynx cancer,1,Number,1990,87458.56221357136,91550.92331547948,83181.64356461627
1,Deaths,1,Global,3,Both,22,All Ages,426,"Tracheal, bronchus, and lung cancer",1,Number,1990,1065138.9852014934,1117181.483606347,1019216.8104844099
1,Deaths,1,Global,3,Both,22,All Ages,429,Breast cancer,1,Number,1990,380905.19802927895,396713.6900657434,364814.6218293402
1,Deaths,1,Global,3,Both,22,All Ages,432,Cervical cancer,1,Number,1990,184527.078315496,218942.0986255401,164835.84621895978
1,Deaths,1,Global,3,Both,22,All Ages,435,Uterine cancer,1,Number,1990,56129.95931646733,60198.50020858855,51103.89150136812
1,Deaths,1,Global,3,Both,22,All Ages,438,Prostate cancer,1,Number,1990,232998.88735567313,268882.2668128988,191397.70628425802
1,Deaths,1,Global,3,Both,22,All Ages,441,Colon and rectum cancer,1,Number,1990,518126.1153746527,537876.5071431291,493682.2896977516
1,Deaths,1,Global,3,Both,22,All Ages,444,Lip and oral cavity cancer,1,Number,1990,96627.52702709509,103050.06545757965,90592.2805722015
1,Deaths,1,Global,3,Both,22,All Ages,447,Nasopharynx cancer,1,Number,1990,53458.81183609249,57905.852744021126,48874.779987417685
1,Deaths,1,Global,3,Both,22,All Ages,450,Other pharynx cancer,1,Number,1990,51459.58612104178,56456.7871511242,47973.60613376905
1,Deaths,1,Global,3,Both,22,All Ages,453,Gallbladder and biliary tract cancer,1,Number,1990,94855.0640329401,107240.3458616641,85139.1725404707
1,Deaths,1,Global,3,Both,22,All Ages,456,Pancreatic cancer,1,Number,1990,198050.91137614066,204762.56010366898,189328.90008672987
1,Deaths,1,Global,3,Both,22,All Ages,459,Malignant skin melanoma,1,Number,1990,33082.96204881566,43093.7857135287,27827.116749691802
1,Deaths,1,Global,3,Both,22,All Ages,462,Non-melanoma skin cancer,1,Number,1990,23222.10962013672,24436.24278470137,21440.589127278385
1,Deaths,1,Global,3,Both,22,All Ages,465,Ovarian cancer,1,Number,1990,97363.29862746538,109760.79148850069,89702.93899518992
1,Deaths,1,Global,3,Both,22,All Ages,297,Tuberculosis,1,Number,1990,1777469.2681994701,1921928.1931990911,1625544.4444911825
1,Deaths,1,Global,3,Both,22,All Ages,298,HIV/AIDS,1,Number,1990,336386.61084085016,452193.6225527856,255683.18516561078
1,Deaths,1,Global,3,Both,22,All Ages,302,Diarrheal diseases,1,Number,1990,2896268.452417815,3644587.3874266217,2222662.8624388925
1,Deaths,1,Global,3,Both,22,All Ages,321,Other intestinal infectious diseases,1,Number,1990,3730.9660589580244,4849.530939884744,2770.0712038677475
1,Deaths,1,Global,3,Both,22,All Ages,322,Lower respiratory infections,1,Number,1990,3320007.6705808206,3715056.996747572,3018493.3769938783
1,Deaths,1,Global,3,Both,22,All Ages,328,Upper respiratory infections,1,Number,1990,34403.52848095149,68309.44481492667,7130.007209494337
1,Deaths,1,Global,3,Both,22,All Ages,329,Otitis media,1,Number,1990,3139.9663400149957,5112.881605414408,1736.681568743114
1,Deaths,1,Global,3,Both,22,All Ages,332,Meningitis,1,Number,1990,432523.8407244017,494074.06576188595,376418.8576952463
1,Deaths,1,Global,3,Both,22,All Ages,337,Encephalitis,1,Number,1990,117804.3994839071,138249.83878320036,95315.37142379399
1,Deaths,1,Global,3,Both,22,All Ages,338,Diphtheria,1,Number,1990,18771.949810154973,26080.49644772656,13745.250502361047
1,Deaths,1,Global,3,Both,22,All Ages,339,Whooping cough,1,Number,1990,256638.11694674118,516721.79349739733,105977.72185928682
1,Deaths,1,Global,3,Both,22,All Ages,340,Tetanus,1,Number,1990,275379.38371396303,322379.5624283408,240545.33182296556
1,Deaths,1,Global,3,Both,22,All Ages,341,Measles,1,Number,1990,801683.031079184,1666352.3362937963,277674.85621810734
1,Deaths,1,Global,3,Both,22,All Ages,342,Varicella and herpes zoster,1,Number,1990,17707.801234764556,19864.157551677665,15795.448616113667
1,Deaths,1,Global,3,Both,22,All Ages,487,Leukemia,1,Number,1990,263262.92917909427,298696.12407353544,233664.13961184
1,Deaths,1,Global,3,Both,22,All Ages,490,Other neoplasms,1,Number,1990,22703.91748010003,32071.971526178168,19009.566540827607
1,Deaths,1,Global,3,Both,22,All Ages,492,Rheumatic heart disease,1,Number,1990,362160.14918121847,408222.0672504616,326259.0957600392
1,Deaths,1,Global,3,Both,22,All Ages,493,Ischemic heart disease,1,Number,1990,5695890.10589351,5895398.089965995,5405191.10598292
1,Deaths,1,Global,3,Both,22,All Ages,494,Stroke,1,Number,1990,4574084.801543005,4892808.356634715,4295925.78539621
1,Deaths,1,Global,3,Both,22,All Ages,468,Testicular cancer,1,Number,1990,7224.173429266253,7905.952435109373,6792.1931406350595
1,Deaths,1,Global,3,Both,22,All Ages,471,Kidney cancer,1,Number,1990,72099.90619741869,74673.61140783552,68876.24567262524
1,Deaths,1,Global,3,Both,22,All Ages,474,Bladder cancer,1,Number,1990,121499.53156349133,127170.94235078964,114751.3645340184
1,Deaths,1,Global,3,Both,22,All Ages,477,Brain and central nervous system cancer,1,Number,1990,139632.31051802027,182291.07396668842,119904.90932112097
1,Deaths,1,Global,3,Both,22,All Ages,480,Thyroid cancer,1,Number,1990,22966.37779723683,25227.701695447668,21553.75622052853
1,Deaths,1,Global,3,Both,22,All Ages,483,Mesothelioma,1,Number,1990,15385.420688064267,17017.09239224862,13815.00254606037
1,Deaths,1,Global,3,Both,22,All Ages,484,Hodgkin lymphoma,1,Number,1990,27602.09542362298,30234.964536336338,21663.390014275694
1,Deaths,1,Global,3,Both,22,All Ages,485,Non-Hodgkin lymphoma,1,Number,1990,126082.15255991637,131976.19276644467,119768.26697651166
1,Deaths,1,Global,3,Both,22,All Ages,486,Multiple myeloma,1,Number,1990,51862.29111392137,58979.91251971835,47709.88754810117
1,Deaths,1,Global,3,Both,22,All Ages,594,Urinary diseases and male infertility,1,Number,1990,133740.63130602438,141825.90378619672,118721.49823934674
1,Deaths,1,Global,3,Both,22,All Ages,603,Gynecological diseases,1,Number,1990,7289.950208349676,10713.779747879793,4037.7046607829834
1,Deaths,1,Global,3,Both,22,All Ages,498,Hypertensive heart disease,1,Number,1990,654905.6433501379,732728.9868660968,530566.2845968807
1,Deaths,1,Global,3,Both,22,All Ages,499,Cardiomyopathy and myocarditis,1,Number,1990,238280.3472536371,256683.56468382129,212408.17584279177
1,Deaths,1,Global,3,Both,22,All Ages,500,Atrial fibrillation and flutter,1,Number,1990,117037.99385238683,138452.30691432534,103695.26762571288
1,Deaths,1,Global,3,Both,22,All Ages,501,Aortic aneurysm,1,Number,1990,94698.37244715817,102684.78388854393,87008.88448066064
1,Deaths,1,Global,3,Both,22,All Ages,502,Peripheral artery disease,1,Number,1990,30168.460490748806,52436.20987247229,16181.008665990208
1,Deaths,1,Global,3,Both,22,All Ages,503,Endocarditis,1,Number,1990,28754.395697787342,35698.16583149429,24370.416523389336
1,Deaths,1,Global,3,Both,22,All Ages,504,Non-rheumatic valvular heart disease,1,Number,1990,77932.18609485551,83257.6263038129,70797.69614914397
1,Deaths,1,Global,3,Both,22,All Ages,509,Chronic obstructive pulmonary disease,1,Number,1990,2520219.2480312227,2719387.907031938,2118058.8495852007
1,Deaths,1,Global,3,Both,22,All Ages,510,Pneumoconiosis,1,Number,1990,23720.125993480164,27666.730850660253,18391.995674879625
1,Deaths,1,Global,3,Both,22,All Ages,613,Hemoglobinopathies and hemolytic anemias,1,Number,1990,81396.56960730047,101030.13604753198,64615.439812531695
1,Deaths,1,Global,3,Both,22,All Ages,619,"Endocrine, metabolic, blood, and immune disorders",1,Number,1990,77687.33407350667,90125.31344732846,65203.689994810215
1,Deaths,1,Global,3,Both,22,All Ages,627,Rheumatoid arthritis,1,Number,1990,22191.716730265718,27197.540951953953,17533.623946356263
1,Deaths,1,Global,3,Both,22,All Ages,639,Other musculoskeletal disorders,1,Number,1990,32222.22733345402,39563.12292815807,25526.37305042527
1,Deaths,1,Global,3,Both,22,All Ages,641,Congenital birth defects,1,Number,1990,911942.8130174027,1341146.8262848286,627912.4339059587
1,Deaths,1,Global,3,Both,22,All Ages,945,Conflict and terrorism,1,Number,1990,116364.08172587858,127161.0227277166,107642.67585539525
1,Deaths,1,Global,3,Both,22,All Ages,958,Typhoid and paratyphoid,1,Number,1990,216225.53532445227,379199.7219667188,105181.91162974684
1,Deaths,1,Global,3,Both,22,All Ages,959,Invasive Non-typhoidal Salmonella (iNTS),1,Number,1990,50550.452523410364,80465.2415908866,28068.133548685408
1,Deaths,1,Global,3,Both,22,All Ages,665,Decubitus ulcer,1,Number,1990,12603.163924878747,17969.619672486842,8975.744746550079
1,Deaths,1,Global,3,Both,22,All Ages,668,Other skin and subcutaneous diseases,1,Number,1990,2188.7906881284425,3504.5085315216966,1705.8927809878296
1,Deaths,1,Global,3,Both,22,All Ages,686,Sudden infant death syndrome,1,Number,1990,55994.96045624074,125639.23880124079,22421.575902603014
1,Deaths,1,Global,3,Both,22,All Ages,689,Road injuries,1,Number,1990,1113411.262385784,1209610.6316709772,1047006.9394115037
1,Deaths,1,Global,3,Both,22,All Ages,980,Bacterial skin diseases,1,Number,1990,34489.59212350786,42605.690528054976,25156.222744353512
1,Deaths,1,Global,3,Both,22,All Ages,992,Upper digestive system diseases,1,Number,1990,310484.27534264704,334154.31321989594,290021.1539295898
1,Deaths,1,Global,3,Both,22,All Ages,1022,Other malignant neoplasms,1,Number,1990,238783.45692466458,255398.80094317862,215826.1592158139
1,Deaths,1,Global,3,Both,22,All Ages,345,Malaria,1,Number,1990,840552.8681484112,1356074.328927579,463324.608310854
1,Deaths,1,Global,3,Both,22,All Ages,346,Chagas disease,1,Number,1990,11235.947748448878,13702.35920563291,4555.269099780001
1,Deaths,1,Global,3,Both,22,All Ages,347,Leishmaniasis,1,Number,1990,58362.55257271146,191558.76773351524,19365.74162744596
1,Deaths,1,Global,3,Both,22,All Ages,350,African trypanosomiasis,1,Number,1990,16998.274150305715,27709.168217194216,8262.248654070881
1,Deaths,1,Global,3,Both,22,All Ages,351,Schistosomiasis,1,Number,1990,17093.297488482105,19251.36321047326,15204.116444840593
1,Deaths,1,Global,3,Both,22,All Ages,352,Cysticercosis,1,Number,1990,1315.0808643598125,1732.3950337664905,924.5025929303202
1,Deaths,1,Global,3,Both,22,All Ages,353,Cystic echinococcosis,1,Number,1990,2838.8555937497536,3497.0674840719057,2217.939902661277
1,Deaths,1,Global,3,Both,22,All Ages,357,Dengue,1,Number,1990,28151.33774103323,43024.300419278814,6384.394343382154
1,Deaths,1,Global,3,Both,22,All Ages,358,Yellow fever,1,Number,1990,12676.955641557874,26771.94212790547,4739.644095404647
1,Deaths,1,Global,3,Both,22,All Ages,359,Rabies,1,Number,1990,26028.608139619788,40715.56058957063,9746.854757952147
1,Deaths,1,Global,3,Both,22,All Ages,360,Intestinal nematode infections,1,Number,1990,7893.554251912522,10286.06575287936,6168.958187276237
1,Deaths,1,Global,3,Both,22,All Ages,365,Other neglected tropical diseases,1,Number,1990,10971.256277432662,27404.16673521373,6767.065930739354
1,Deaths,1,Global,3,Both,22,All Ages,366,Maternal disorders,1,Number,1990,302586.0484916186,336433.33447882236,274432.48485002597
1,Deaths,1,Global,3,Both,22,All Ages,380,Neonatal disorders,1,Number,1990,3005945.1505665286,3229594.066181398,2807527.394577698
1,Deaths,1,Global,3,Both,22,All Ages,387,Protein-energy malnutrition,1,Number,1990,656313.6139933399,877702.3765680938,495905.38709873793
1,Deaths,1,Global,3,Both,22,All Ages,515,Asthma,1,Number,1990,460012.23628135654,599600.9986229513,342615.59336902323
1,Deaths,1,Global,3,Both,22,All Ages,516,Interstitial lung disease and pulmonary sarcoidosis,1,Number,1990,63696.5792470785,80625.00778082182,50957.77809434202
1,Deaths,1,Global,3,Both,22,All Ages,520,Other chronic respiratory diseases,1,Number,1990,26106.92260317855,32806.08015412285,20542.474386031598
1,Deaths,1,Global,3,Both,22,All Ages,521,Cirrhosis and other chronic liver diseases,1,Number,1990,1012975.2466180514,1073877.2313558778,948941.2402930213
1,Deaths,1,Global,3,Both,22,All Ages,529,Appendicitis,1,Number,1990,42770.222319392204,53168.26945516916,31840.37192814633
1,Deaths,1,Global,3,Both,22,All Ages,530,Paralytic ileus and intestinal obstruction,1,Number,1990,155387.50049912804,170148.64247691914,135913.56140528078
1,Deaths,1,Global,3,Both,22,All Ages,531,"Inguinal, femoral, and abdominal hernia",1,Number,1990,40140.8395365522,45418.00016691556,32804.109804380416
1,Deaths,1,Global,3,Both,22,All Ages,532,Inflammatory bowel disease,1,Number,1990,24294.71769162125,28375.622589190218,20257.712809462955
1,Deaths,1,Global,3,Both,22,All Ages,533,Vascular intestinal disorders,1,Number,1990,54583.11996127212,57303.20502906351,51202.50729951837
1,Deaths,1,Global,3,Both,22,All Ages,534,Gallbladder and biliary diseases,1,Number,1990,82430.35151416452,90659.23773309418,66628.53840869272
1,Deaths,1,Global,3,Both,22,All Ages,695,Other transport injuries,1,Number,1990,76685.36165827488,85506.34760268714,68132.05862441097
1,Deaths,1,Global,3,Both,22,All Ages,697,Falls,1,Number,1990,403575.21850740834,445928.64303722646,369191.57712407835
1,Deaths,1,Global,3,Both,22,All Ages,698,Drowning,1,Number,1990,460664.70760974323,504304.37137461634,402063.4554104249
1,Deaths,1,Global,3,Both,22,All Ages,699,"Fire, heat, and hot substances",1,Number,1990,123213.46121328656,151399.4110483833,95472.73071047792
1,Deaths,1,Global,3,Both,22,All Ages,700,Poisonings,1,Number,1990,87999.78706360924,95712.43440593313,77834.40813722851
1,Deaths,1,Global,3,Both,22,All Ages,704,Exposure to mechanical forces,1,Number,1990,123784.10645583786,140011.66108074156,110954.93631293027
1,Deaths,1,Global,3,Both,22,All Ages,708,Adverse effects of medical treatment,1,Number,1990,97302.9265944246,111383.89832464806,75963.8024532475
1,Deaths,1,Global,3,Both,22,All Ages,709,Animal contact,1,Number,1990,103172.88804749513,122204.30198428022,66649.34881754935
1,Deaths,1,Global,3,Both,22,All Ages,712,Foreign body,1,Number,1990,124632.87234721298,135619.82874431746,115711.63448936012
1,Deaths,1,Global,3,Both,22,All Ages,716,Other unintentional injuries,1,Number,1990,122386.46599688732,140764.82906396274,100007.62901398407
1,Deaths,1,Global,3,Both,22,All Ages,1023,Other cardiovascular and circulatory diseases,1,Number,1990,194508.04610768807,219539.97848332656,180191.36901964177
1,Deaths,1,Global,3,Both,22,All Ages,345,Malaria,1,Number,2019,643380.8953162505,1153663.5704470123,301600.51602618373
1,Deaths,1,Global,3,Both,22,All Ages,346,Chagas disease,1,Number,2019,9487.781492107388,16518.65266255281,5499.967848367645
1,Deaths,1,Global,3,Both,22,All Ages,347,Leishmaniasis,1,Number,2019,5713.154836933513,18668.74216988576,1692.812165853324
1,Deaths,1,Global,3,Both,22,All Ages,350,African trypanosomiasis,1,Number,2019,1360.1152109933842,2576.2281388218285,609.4004530374924
1,Deaths,1,Global,3,Both,22,All Ages,351,Schistosomiasis,1,Number,2019,11514.288050090596,13275.646851444846,10135.913988384458
1,Deaths,1,Global,3,Both,22,All Ages,352,Cysticercosis,1,Number,2019,1045.713684922756,1408.8517953397575,714.6620230444494
1,Deaths,1,Global,3,Both,22,All Ages,353,Cystic echinococcosis,1,Number,2019,1349.3586895949923,1762.45115922901,987.3189807035467
1,Deaths,1,Global,3,Both,22,All Ages,357,Dengue,1,Number,2019,36055.0688550236,44467.88964032921,9176.30594118185
1,Deaths,1,Global,3,Both,22,All Ages,358,Yellow fever,1,Number,2019,4282.692874488325,8841.276530012488,1587.6332282172257
1,Deaths,1,Global,3,Both,22,All Ages,359,Rabies,1,Number,2019,13743.439330446183,17938.53290653046,6019.13119163236
1,Deaths,1,Global,3,Both,22,All Ages,360,Intestinal nematode infections,1,Number,2019,2089.602214399554,2638.1753566016127,1644.727384540008
1,Deaths,1,Global,3,Both,22,All Ages,365,Other neglected tropical diseases,1,Number,2019,13633.985423817021,33453.17279870196,9176.817497936383
1,Deaths,1,Global,3,Both,22,All Ages,366,Maternal disorders,1,Number,2019,196471.35188545863,225755.41592627735,171197.25126488943
1,Deaths,1,Global,3,Both,22,All Ages,423,Larynx cancer,1,Number,2019,123355.58985122667,132798.43266893146,114941.39743402814
1,Deaths,1,Global,3,Both,22,All Ages,426,"Tracheal, bronchus, and lung cancer",1,Number,2019,2042639.7363892663,2193268.972765379,1879241.239817795
1,Deaths,1,Global,3,Both,22,All Ages,429,Breast cancer,1,Number,2019,700659.9334364465,751555.0798023511,647383.8082149149
1,Deaths,1,Global,3,Both,22,All Ages,432,Cervical cancer,1,Number,2019,280479.0351903999,313929.70230407757,238863.963551034
1,Deaths,1,Global,3,Both,22,All Ages,435,Uterine cancer,1,Number,2019,91640.71204730337,101502.07108233971,82389.19913487014
1,Deaths,1,Global,3,Both,22,All Ages,438,Prostate cancer,1,Number,2019,486836.06666747126,593688.8455302118,420498.05413361033
1,Deaths,1,Global,3,Both,22,All Ages,441,Colon and rectum cancer,1,Number,2019,1085797.4989815422,1149678.5408239884,1002795.4112963527
1,Deaths,1,Global,3,Both,22,All Ages,444,Lip and oral cavity cancer,1,Number,2019,199397.55224116493,218058.55772592142,181651.48404333822
1,Deaths,1,Global,3,Both,22,All Ages,447,Nasopharynx cancer,1,Number,2019,71610.48888724513,77624.61581665,65442.01106344039
1,Deaths,1,Global,3,Both,22,All Ages,450,Other pharynx cancer,1,Number,2019,114206.7191835565,126039.37053087258,103153.61726217881
1,Deaths,1,Global,3,Both,22,All Ages,380,Neonatal disorders,1,Number,2019,1882438.4374748745,2237478.103741233,1605827.447799229
1,Deaths,1,Global,3,Both,22,All Ages,387,Protein-energy malnutrition,1,Number,2019,212242.11752966783,246216.9806805924,185402.7929076411
1,Deaths,1,Global,3,Both,22,All Ages,515,Asthma,1,Number,2019,461069.26253371476,559006.0464426279,366579.7396914311
1,Deaths,1,Global,3,Both,22,All Ages,516,Interstitial lung disease and pulmonary sarcoidosis,1,Number,2019,169833.3744216665,204802.1526355029,118755.90922122877
1,Deaths,1,Global,3,Both,22,All Ages,520,Other chronic respiratory diseases,1,Number,2019,39760.873791469676,46580.51191470902,31085.471586348434
1,Deaths,1,Global,3,Both,22,All Ages,521,Cirrhosis and other chronic liver diseases,1,Number,2019,1472011.817712993,1578731.8120359718,1374608.695440261
1,Deaths,1,Global,3,Both,22,All Ages,453,Gallbladder and biliary tract cancer,1,Number,2019,172440.7526292525,188615.29112464344,144898.84652314882
1,Deaths,1,Global,3,Both,22,All Ages,456,Pancreatic cancer,1,Number,2019,531107.1150365397,566536.852152924,491948.1942999251
1,Deaths,1,Global,3,Both,22,All Ages,459,Malignant skin melanoma,1,Number,2019,62843.5880783146,71000.67167920682,46316.94872165688
1,Deaths,1,Global,3,Both,22,All Ages,462,Non-melanoma skin cancer,1,Number,2019,56053.55659315846,59792.38145926357,50414.84641457926
1,Deaths,1,Global,3,Both,22,All Ages,465,Ovarian cancer,1,Number,2019,198412.1754647824,217664.61845854274,175357.2550705098
1,Deaths,1,Global,3,Both,22,All Ages,468,Testicular cancer,1,Number,2019,10842.059336960037,11902.285663907058,9960.793932499875
1,Deaths,1,Global,3,Both,22,All Ages,471,Kidney cancer,1,Number,2019,166437.62399425072,176302.0745793708,155461.18262205517
1,Deaths,1,Global,3,Both,22,All Ages,474,Bladder cancer,1,Number,2019,228734.50076807468,243193.02589239425,210743.23265605787
1,Deaths,1,Global,3,Both,22,All Ages,477,Brain and central nervous system cancer,1,Number,2019,246253.26917432333,270929.9155416244,185641.83923935884
1,Deaths,1,Global,3,Both,22,All Ages,480,Thyroid cancer,1,Number,2019,45575.95607844101,48775.33636270005,41289.61208653719
1,Deaths,1,Global,3,Both,22,All Ages,483,Mesothelioma,1,Number,2019,29251.042049101525,31005.580732776943,26667.719165266797
1,Deaths,1,Global,3,Both,22,All Ages,484,Hodgkin lymphoma,1,Number,2019,27551.890239015345,31812.683468786625,23684.796464382463
1,Deaths,1,Global,3,Both,22,All Ages,485,Non-Hodgkin lymphoma,1,Number,2019,254614.46273853397,270352.5306559772,237714.28385432428
1,Deaths,1,Global,3,Both,22,All Ages,486,Multiple myeloma,1,Number,2019,113474.35593663153,121735.03429251944,99527.4543655611
1,Deaths,1,Global,3,Both,22,All Ages,594,Urinary diseases and male infertility,1,Number,2019,296763.03359079856,321330.7648880208,250324.51932903117
1,Deaths,1,Global,3,Both,22,All Ages,529,Appendicitis,1,Number,2019,33420.76257839802,38064.594353751585,27262.658877830014
1,Deaths,1,Global,3,Both,22,All Ages,530,Paralytic ileus and intestinal obstruction,1,Number,2019,238733.61895645797,265797.5819612422,199010.8497708319
1,Deaths,1,Global,3,Both,22,All Ages,531,"Inguinal, femoral, and abdominal hernia",1,Number,2019,48077.244430846804,54021.47820138886,41653.908658866945
1,Deaths,1,Global,3,Both,22,All Ages,532,Inflammatory bowel disease,1,Number,2019,40998.310844553,44660.804381112444,34932.98707604356
1,Deaths,1,Global,3,Both,22,All Ages,533,Vascular intestinal disorders,1,Number,2019,106575.78366840897,116427.68786740684,95112.93713120662
1,Deaths,1,Global,3,Both,22,All Ages,534,Gallbladder and biliary diseases,1,Number,2019,124940.8702400731,138614.96030920095,107105.48652647002
1,Deaths,1,Global,3,Both,22,All Ages,695,Other transport injuries,1,Number,2019,80589.70635240868,88996.47480552309,67616.19903770572
1,Deaths,1,Global,3,Both,22,All Ages,697,Falls,1,Number,2019,752536.5828860826,833694.5933390716,629666.8264325174
1,Deaths,1,Global,3,Both,22,All Ages,698,Drowning,1,Number,2019,237241.95610519036,261847.11571538003,214970.23319002884
1,Deaths,1,Global,3,Both,22,All Ages,699,"Fire, heat, and hot substances",1,Number,2019,111292.38571275011,132392.33642190395,88188.86246783144
1,Deaths,1,Global,3,Both,22,All Ages,700,Poisonings,1,Number,2019,77162.18457113681,85440.5372127463,63755.10788626166
1,Deaths,1,Global,3,Both,22,All Ages,704,Exposure to mechanical forces,1,Number,2019,122397.09504814612,140743.01547191857,95417.13913521888
1,Deaths,1,Global,3,Both,22,All Ages,603,Gynecological diseases,1,Number,2019,8640.725013684441,12566.695175848803,4841.388434351345
1,Deaths,1,Global,3,Both,22,All Ages,613,Hemoglobinopathies and hemolytic anemias,1,Number,2019,92814.30259779694,114527.62852244778,76980.4631002716
1,Deaths,1,Global,3,Both,22,All Ages,619,"Endocrine, metabolic, blood, and immune disorders",1,Number,2019,162039.1673787605,178615.44969401768,131144.69711218346
1,Deaths,1,Global,3,Both,22,All Ages,627,Rheumatoid arthritis,1,Number,2019,44408.35059767891,51747.786678963224,33953.68778890968
1,Deaths,1,Global,3,Both,22,All Ages,639,Other musculoskeletal disorders,1,Number,2019,73134.60613538044,85595.77521581294,58422.05611618807
1,Deaths,1,Global,3,Both,22,All Ages,641,Congenital birth defects,1,Number,2019,549304.6971543105,690237.3849703809,447796.69855219853
1,Deaths,1,Global,3,Both,22,All Ages,708,Adverse effects of medical treatment,1,Number,2019,105788.37857282435,116785.2094399874,89115.51344799511
1,Deaths,1,Global,3,Both,22,All Ages,709,Animal contact,1,Number,2019,93452.5668508453,113733.40690432368,61930.12076407923
1,Deaths,1,Global,3,Both,22,All Ages,712,Foreign body,1,Number,2019,114413.29171572214,123667.49696756557,104996.4952462025
1,Deaths,1,Global,3,Both,22,All Ages,716,Other unintentional injuries,1,Number,2019,106778.71863308626,118850.45710573056,83323.83513335594
1,Deaths,1,Global,3,Both,22,All Ages,1023,Other cardiovascular and circulatory diseases,1,Number,2019,276988.762182864,301329.5567338334,252564.30242219215
1,Deaths,1,Global,3,Both,22,All Ages,945,Conflict and terrorism,1,Number,2019,62984.739081624786,69301.18593464534,57189.731077202196
1,Deaths,1,Global,3,Both,22,All Ages,958,Typhoid and paratyphoid,1,Number,2019,133366.31887399958,228866.56532377374,65708.76363163925
1,Deaths,1,Global,3,Both,22,All Ages,959,Invasive Non-typhoidal Salmonella (iNTS),1,Number,2019,79045.94348191119,124206.93103190919,43012.78862502117
1,Deaths,1,Global,3,Both,22,All Ages,391,Other nutritional deficiencies,1,Number,2019,39335.23517192243,45913.58973522957,33756.052885361365
1,Deaths,1,Global,3,Both,22,All Ages,393,Sexually transmitted infections excluding HIV,1,Number,2019,89890.96651800082,177792.66287187676,36198.740121739596
1,Deaths,1,Global,3,Both,22,All Ages,400,Acute hepatitis,1,Number,2019,79176.47756543248,95318.02782270027,65752.08582873369
1,Deaths,1,Global,3,Both,22,All Ages,408,Other unspecified infectious diseases,1,Number,2019,71684.32298164422,85394.30252088414,50848.07131825817
1,Deaths,1,Global,3,Both,22,All Ages,411,Esophageal cancer,1,Number,2019,498067.0629658689,551461.5980101664,438411.3253084035
1,Deaths,1,Global,3,Both,22,All Ages,414,Stomach cancer,1,Number,2019,957185.1581946526,1034646.0111530086,870949.1175109464
1,Deaths,1,Global,3,Both,22,All Ages,417,Liver cancer,1,Number,2019,484576.64071791794,525797.585404775,444091.3551567831
1,Deaths,1,Global,3,Both,22,All Ages,535,Pancreatitis,1,Number,2019,115053.19182739736,128173.35175958196,104304.41681794274
1,Deaths,1,Global,3,Both,22,All Ages,541,Other digestive diseases,1,Number,2019,104245.04598666733,118526.07760707234,84384.33744682898
1,Deaths,1,Global,3,Both,22,All Ages,543,Alzheimer's disease and other dementias,1,Number,2019,1623275.874940988,4205718.716796304,407465.2866101208
1,Deaths,1,Global,3,Both,22,All Ages,544,Parkinson's disease,1,Number,2019,362906.92106344725,388199.8009686979,326854.8272465345
1,Deaths,1,Global,3,Both,22,All Ages,545,Idiopathic epilepsy,1,Number,2019,114010.89850550445,129928.07923738901,100177.73787248551
1,Deaths,1,Global,3,Both,22,All Ages,546,Multiple sclerosis,1,Number,2019,22438.963649893034,27791.52464068849,20226.017573754627
1,Deaths,1,Global,3,Both,22,All Ages,554,Motor neuron disease,1,Number,2019,39081.2311091141,41129.619672836234,36566.692688295
1,Deaths,1,Global,3,Both,22,All Ages,557,Other neurological disorders,1,Number,2019,59609.507112788524,64550.57199856652,55082.46457955299
1,Deaths,1,Global,3,Both,22,All Ages,560,Alcohol use disorders,1,Number,2019,168014.7927992962,179205.89297802077,145118.65449603478
1,Deaths,1,Global,3,Both,22,All Ages,561,Drug use disorders,1,Number,2019,128082.7012577798,133729.09609460854,123561.1703500105
1,Deaths,1,Global,3,Both,22,All Ages,572,Eating disorders,1,Number,2019,318.2883242119484,386.0492387084949,285.6869886909701
1,Deaths,1,Global,3,Both,22,All Ages,587,Diabetes mellitus,1,Number,2019,1551170.1021002324,1650674.7897785062,1445555.3978411127
1,Deaths,1,Global,3,Both,22,All Ages,588,Acute glomerulonephritis,1,Number,2019,10522.360797312003,12200.059974207637,7199.035782140714
1,Deaths,1,Global,3,Both,22,All Ages,589,Chronic kidney disease,1,Number,2019,1427231.5432431349,1524547.6179241745,1313734.7374528535
1,Deaths,1,Global,3,Both,22,All Ages,718,Self-harm,1,Number,2019,759028.4050442581,831856.5104117001,685390.3013441819
1,Deaths,1,Global,3,Both,22,All Ages,724,Interpersonal violence,1,Number,2019,415179.5565421986,446992.7347755326,387534.5984874804
1,Deaths,1,Global,3,Both,22,All Ages,729,Exposure to forces of nature,1,Number,2019,6075.8121653523085,6685.1271389628,5516.797701770022
1,Deaths,1,Global,3,Both,22,All Ages,842,Environmental heat and cold exposure,1,Number,2019,47460.64395906516,54440.31775779257,32161.29235414465
1,Deaths,1,Global,3,Both,22,All Ages,843,Ebola,1,Number,2019,3684.7420458868987,4349.071779920227,3021.474053556636
1,Deaths,1,Global,3,Both,22,All Ages,854,Executions and police conflict,1,Number,2019,8769.313034646111,9925.370796057157,7707.67624030599
1,Deaths,1,Global,3,Both,22,All Ages,935,Zika virus,1,Number,2019,2.8772990997786767,4.310400990615501,1.7020211353681745
1,Deaths,1,Global,3,Both,22,All Ages,297,Tuberculosis,1,Number,2019,1179766.1569963933,1292664.7539458463,1078546.0573195703
1,Deaths,1,Global,3,Both,22,All Ages,298,HIV/AIDS,1,Number,2019,863837.3475455467,996044.8659236442,786074.8619570773
1,Deaths,1,Global,3,Both,22,All Ages,302,Diarrheal diseases,1,Number,2019,1534443.0268555675,2219095.9014942963,1088681.674216746
1,Deaths,1,Global,3,Both,22,All Ages,321,Other intestinal infectious diseases,1,Number,2019,1396.2017370548185,1850.9204352566967,1000.1341353263674
1,Deaths,1,Global,3,Both,22,All Ages,322,Lower respiratory infections,1,Number,2019,2493199.8842711323,2736184.331352105,2268183.4785341863
1,Deaths,1,Global,3,Both,22,All Ages,328,Upper respiratory infections,1,Number,2019,9464.118279868493,14913.706480864414,5536.739734325481
1,Deaths,1,Global,3,Both,22,All Ages,329,Otitis media,1,Number,2019,667.392410550122,1399.7575571269342,410.1876558696053
1,Deaths,1,Global,3,Both,22,All Ages,332,Meningitis,1,Number,2019,236221.5399901221,277426.0570706991,204381.44016087303
1,Deaths,1,Global,3,Both,22,All Ages,337,Encephalitis,1,Number,2019,89896.92763786775,122873.77862265502,76531.52856527054
1,Deaths,1,Global,3,Both,22,All Ages,338,Diphtheria,1,Number,2019,4367.877568488541,6199.62330775185,2942.433274771332
1,Deaths,1,Global,3,Both,22,All Ages,339,Whooping cough,1,Number,2019,116510.30449778795,212097.97310073665,53501.72965673463
1,Deaths,1,Global,3,Both,22,All Ages,340,Tetanus,1,Number,2019,34683.72824081155,48457.09288607982,25943.00429315885
1,Deaths,1,Global,3,Both,22,All Ages,341,Measles,1,Number,2019,83392.02904351121,180402.0305195067,30998.62645283179
1,Deaths,1,Global,3,Both,22,All Ages,342,Varicella and herpes zoster,1,Number,2019,14553.078835504608,17103.37707132163,12909.447009335861
1,Deaths,1,Global,3,Both,22,All Ages,487,Leukemia,1,Number,2019,334592.256603814,360213.8975287531,306817.6857332145
1,Deaths,1,Global,3,Both,22,All Ages,490,Other neoplasms,1,Number,2019,56833.483805362215,70481.82861194001,46585.64801462105
1,Deaths,1,Global,3,Both,22,All Ages,492,Rheumatic heart disease,1,Number,2019,305650.5008264473,340485.95590408775,259219.7403337557
1,Deaths,1,Global,3,Both,22,All Ages,493,Ischemic heart disease,1,Number,2019,9137791.14375969,9743550.131249908,8395682.479271226
1,Deaths,1,Global,3,Both,22,All Ages,494,Stroke,1,Number,2019,6552724.533525118,7015138.626045481,5995200.363738036
1,Deaths,1,Global,3,Both,22,All Ages,498,Hypertensive heart disease,1,Number,2019,1156732.938329557,1278562.76521424,859825.768192217
1,Deaths,1,Global,3,Both,22,All Ages,499,Cardiomyopathy and myocarditis,1,Number,2019,340348.7001207933,371305.41259457864,284903.5958069059
1,Deaths,1,Global,3,Both,22,All Ages,500,Atrial fibrillation and flutter,1,Number,2019,315336.76810901373,361013.795224596,267964.2060996485
1,Deaths,1,Global,3,Both,22,All Ages,501,Aortic aneurysm,1,Number,2019,172426.74794898755,182899.36032002245,157357.07672162345
1,Deaths,1,Global,3,Both,22,All Ages,502,Peripheral artery disease,1,Number,2019,74062.99491783124,128164.20674220538,41183.14550555679
1,Deaths,1,Global,3,Both,22,All Ages,503,Endocarditis,1,Number,2019,66322.00686663747,75862.3565623088,46209.32750818451
1,Deaths,1,Global,3,Both,22,All Ages,504,Non-rheumatic valvular heart disease,1,Number,2019,164124.57121479395,179557.56235254824,140082.1916937858
1,Deaths,1,Global,3,Both,22,All Ages,509,Chronic obstructive pulmonary disease,1,Number,2019,3280636.1918563284,3572366.9963334207,2902854.653962032
1,Deaths,1,Global,3,Both,22,All Ages,510,Pneumoconiosis,1,Number,2019,23014.81692937805,26159.233566123203,20348.468066222795
1,Deaths,1,Global,3,Both,22,All Ages,665,Decubitus ulcer,1,Number,2019,24388.57297127796,31260.823831222315,17299.071762907337
1,Deaths,1,Global,3,Both,22,All Ages,668,Other skin and subcutaneous diseases,1,Number,2019,3606.627070355231,5022.347739547703,2684.345570410502
1,Deaths,1,Global,3,Both,22,All Ages,686,Sudden infant death syndrome,1,Number,2019,27684.638513468286,60919.34513817782,12082.987666796358
1,Deaths,1,Global,3,Both,22,All Ages,689,Road injuries,1,Number,2019,1198289.2139143439,1304831.0346139988,1060041.4765981948
1,Deaths,1,Global,3,Both,22,All Ages,980,Bacterial skin diseases,1,Number,2019,70526.46696106187,87438.59806058064,51665.19000088673
1,Deaths,1,Global,3,Both,22,All Ages,992,Upper digestive system diseases,1,Number,2019,273631.88153251354,298791.59993003524,252407.50103797377
1,Deaths,1,Global,3,Both,22,All Ages,1022,Other malignant neoplasms,1,Number,2019,408167.0872346561,443577.93621093396,355052.7504349869
